{
    "Particles": {
        "test": {
            "Name": "test",
            "Sprite": {
                "Path": "Textures/torch.dds",
                "Size": 0.125,
                "Amount": 8.0,
                "Interval": 0.07999999821186066,
                "IsAnimated": false,
                "StartWithRandomIndex": true
            },
            "SpawnRate": 10.0,
            "Lifetime": 0.05000000074505806,
            "Speed": {
                "Min": 6.0,
                "Max": 12.0
            },
            "Size": {
                "Start": {
                    "Min": 100.0,
                    "Max": 100.0
                },
                "End": {
                    "Min": 100.0,
                    "Max": 100.0
                }
            },
            "Emissive": {
                "Min": 0.800000011920929,
                "Max": 0.9700000286102296
            },
            "Gravity": {
                "Min": 0.0,
                "Max": 0.0
            },
            "Direction": {
                "Min": {
                    "x": 0.0,
                    "y": 10.0,
                    "z": 0.0
                },
                "Max": {
                    "x": 0.0,
                    "y": 5.0,
                    "z": 0.0
                }
            },
            "Color": {
                "Start": {
                    "Min": {
                        "x": 1.0,
                        "y": 0.6313725709915161,
                        "z": 0.0,
                        "w": 0.0
                    },
                    "Max": {
                        "x": 1.0,
                        "y": 0.4980392158031464,
                        "z": 0.0,
                        "w": 0.0
                    }
                },
                "End": {
                    "Min": {
                        "x": 1.0,
                        "y": 0.6313725709915161,
                        "z": 0.0,
                        "w": 0.0
                    },
                    "Max": {
                        "x": 1.0,
                        "y": 0.4980392158031464,
                        "z": 0.0,
                        "w": 0.0
                    }
                }
            },
            "SpawnRadius": 0.0
        },
        "Torch": {
            "Name": "Torch",
            "Sprite": {
                "Path": "Textures/torch.dds",
                "Size": 0.125,
                "Amount": 8.0,
                "Interval": 0.10000000149011612,
                "IsAnimated": true,
                "StartWithRandomIndex": false
            },
            "SpawnRate": 2.5,
            "Lifetime": 3.0,
            "Speed": {
                "Min": 0.0,
                "Max": 0.0
            },
            "Size": {
                "Start": {
                    "Min": 50.0,
                    "Max": 60.0
                },
                "End": {
                    "Min": 45.0,
                    "Max": 55.0
                }
            },
            "Emissive": {
                "Min": 0.800000011920929,
                "Max": 0.9700000286102296
            },
            "Gravity": {
                "Min": 0.0,
                "Max": 0.0
            },
            "Direction": {
                "Min": {
                    "x": 0.0,
                    "y": 10.0,
                    "z": 0.0
                },
                "Max": {
                    "x": 0.0,
                    "y": 5.0,
                    "z": 1.0
                }
            },
            "Color": {
                "Start": {
                    "Min": {
                        "x": 1.0,
                        "y": 0.6313725709915161,
                        "z": 0.0,
                        "w": 1.0
                    },
                    "Max": {
                        "x": 1.0,
                        "y": 0.4980392158031464,
                        "z": 0.0,
                        "w": 1.0
                    }
                },
                "End": {
                    "Min": {
                        "x": 1.0,
                        "y": 0.6313725709915161,
                        "z": 0.0,
                        "w": 0.0
                    },
                    "Max": {
                        "x": 1.0,
                        "y": 0.4980392158031464,
                        "z": 0.0,
                        "w": 0.0
                    }
                }
            },
            "SpawnRadius": 5.0
        },
        "Ember": {
            "Name": "Ember",
            "Sprite": {
                "Path": "Ember.dds",
                "Size": 0.125,
                "Amount": 8.0,
                "Interval": 0.10000000149011612,
                "IsAnimated": true,
                "StartWithRandomIndex": true
            },
            "SpawnRate": 3.0,
            "Lifetime": 1.5,
            "Speed": {
                "Min": 10.0,
                "Max": 10.0
            },
            "Size": {
                "Start": {
                    "Min": 100.0,
                    "Max": 100.0
                },
                "End": {
                    "Min": 500.0,
                    "Max": 500.0
                }
            },
            "Emissive": {
                "Min": 10.0,
                "Max": 10.0
            },
            "Gravity": {
                "Min": 0.0,
                "Max": 0.0
            },
            "Direction": {
                "Min": {
                    "x": 0.0,
                    "y": 1.0,
                    "z": 0.0
                },
                "Max": {
                    "x": 0.0,
                    "y": 1.0,
                    "z": 0.0
                }
            },
            "Color": {
                "Start": {
                    "Min": {
                        "x": 1.0,
                        "y": 1.0,
                        "z": 1.0,
                        "w": 1.0
                    },
                    "Max": {
                        "x": 1.0,
                        "y": 1.0,
                        "z": 1.0,
                        "w": 1.0
                    }
                },
                "End": {
                    "Min": {
                        "x": 1.0,
                        "y": 1.0,
                        "z": 1.0,
                        "w": 1.0
                    },
                    "Max": {
                        "x": 1.0,
                        "y": 1.0,
                        "z": 1.0,
                        "w": 1.0
                    }
                }
            }
        },
        "Embers": {
            "Name": "Embers",
            "Sprite": {
                "Path": "Textures/ember.dds",
                "Size": 0.125,
                "Amount": 8.0,
                "Interval": 0.07999999821186066,
                "IsAnimated": true,
                "StartWithRandomIndex": false
            },
            "SpawnRate": 6.0,
            "SpawnRadius": 5.0,
            "Lifetime": 4.0,
            "Speed": {
                "Min": 3.0,
                "Max": 6.0
            },
            "Size": {
                "Start": {
                    "Min": 4.0,
                    "Max": 8.0
                },
                "End": {
                    "Min": 0.0,
                    "Max": 0.0
                }
            },
            "Emissive": {
                "Min": 0.800000011920929,
                "Max": 0.9700000286102296
            },
            "Gravity": {
                "Min": 0.0,
                "Max": 0.0
            },
            "Direction": {
                "Min": {
                    "x": -2.0,
                    "y": 10.0,
                    "z": 1.0
                },
                "Max": {
                    "x": 1.0,
                    "y": 14.0,
                    "z": 2.0
                }
            },